File,Vehicles Used,Total Distance,Routes
c101.txt,15,1901.8137253512648,"Route 1 : 0 1 75 0
Route 2 : 0 2 69 49 0
Route 3 : 0 3 7 8 74 46 45 48 51 50 52 47 0
Route 4 : 0 5 33 62 82 84 85 79 80 21 0
Route 5 : 0 13 17 18 19 15 16 14 12 99 0
Route 6 : 0 20 55 54 53 56 58 60 59 66 0
Route 7 : 0 32 24 35 29 30 28 26 23 22 0
Route 8 : 0 43 65 41 40 93 97 88 89 91 0
Route 9 : 0 57 42 83 10 11 9 6 4 0
Route 10 : 0 67 87 86 94 92 77 68 0
Route 11 : 0 81 78 76 71 70 73 0
Route 12 : 0 90 96 95 44 72 61 64 0
Route 13 : 0 98 25 0
Route 14 : 0 31 27 37 38 39 36 34 0
Route 15 : 0 63 0"
c102.txt,11,2294.9934358944242,"Route 1 : 0 1 33 62 44 38 39 36 66 2 12 0
Route 2 : 0 13 17 18 19 15 16 14 23 22 0
Route 3 : 0 20 87 86 71 70 73 77 79 80 37 34 0
Route 4 : 0 32 24 27 74 46 45 51 49 31 0
Route 5 : 0 43 65 41 40 56 58 60 89 59 85 0
Route 6 : 0 57 42 35 29 30 28 99 69 95 0
Route 7 : 0 67 55 54 53 84 61 64 68 82 83 3 0
Route 8 : 0 81 25 8 10 11 9 6 4 94 96 26 0
Route 9 : 0 90 78 76 92 93 97 88 47 0
Route 10 : 0 63 48 50 52 5 7 21 72 75 0
Route 11 : 0 91 98 0"
c103.txt,11,2800.3587955459852,"Route 1 : 0 1 33 8 10 30 6 4 22 63 49 0
Route 2 : 0 13 17 27 15 11 9 88 99 2 3 0
Route 3 : 0 55 76 92 84 77 79 80 7 12 0
Route 4 : 0 65 25 35 93 64 23 66 54 46 0
Route 5 : 0 67 42 41 40 44 38 39 36 69 71 0
Route 6 : 0 78 53 56 58 45 68 81 16 0
Route 7 : 0 87 62 70 18 31 32 34 37 21 0
Route 8 : 0 74 57 75 82 85 95 5 0
Route 9 : 0 97 98 60 28 14 19 20 24 26 29 0
Route 10 : 0 73 83 94 96 43 47 48 50 51 52 61 0
Route 11 : 0 59 86 89 90 91 72 0"
c104.txt,11,2767.3913748198383,"Route 1 : 0 1 87 76 15 9 2 4 3 5 63 0
Route 2 : 0 13 25 8 92 84 79 99 69 39 0
Route 3 : 0 55 53 11 77 23 70 6 0
Route 4 : 0 67 62 38 7 10 12 14 16 17 0
Route 5 : 0 44 58 71 73 24 27 33 0
Route 6 : 0 74 54 56 60 78 80 28 0
Route 7 : 0 93 57 29 30 31 32 34 35 36 19 0
Route 8 : 0 46 81 85 88 95 97 37 0
Route 9 : 0 42 75 82 98 18 21 22 20 26 40 41 0
Route 10 : 0 45 47 48 49 50 51 52 59 61 64 65 66 0
Route 11 : 0 83 94 96 68 72 86 89 90 91 43 0"
c105.txt,14,2431.133957032376,"Route 1 : 0 1 47 0
Route 2 : 0 2 22 49 0
Route 3 : 0 3 5 7 62 74 72 77 79 80 21 75 0
Route 4 : 0 43 13 18 19 15 16 14 6 99 52 0
Route 5 : 0 98 17 53 56 46 61 23 66 69 0
Route 6 : 0 20 32 31 40 44 58 60 59 91 0
Route 7 : 0 57 24 35 29 38 45 48 51 50 0
Route 8 : 0 67 90 25 27 37 39 64 68 0
Route 9 : 0 96 63 8 10 30 28 36 34 0
Route 10 : 0 33 42 41 82 11 9 26 0
Route 11 : 0 65 78 76 71 70 73 88 4 0
Route 12 : 0 81 87 86 83 92 85 12 0
Route 13 : 0 55 95 94 93 97 89 0
Route 14 : 0 54 84 0"
c106.txt,15,2768.1111398398775,"Route 1 : 0 1 52 47 0
Route 2 : 0 2 91 75 0
Route 3 : 0 3 7 81 56 58 60 88 89 69 49 0
Route 4 : 0 5 43 63 62 74 72 85 4 66 0
Route 5 : 0 13 17 95 94 82 84 26 80 0
Route 6 : 0 20 57 55 35 30 28 61 68 50 0
Route 7 : 0 24 65 41 29 38 39 36 51 99 0
Route 8 : 0 25 27 53 46 45 48 59 21 0
Route 9 : 0 31 40 37 97 64 22 0
Route 10 : 0 32 33 18 19 11 23 34 0
Route 11 : 0 42 67 87 86 71 70 73 77 79 0
Route 12 : 0 78 98 8 10 93 9 6 0
Route 13 : 0 76 90 15 16 14 12 0
Route 14 : 0 96 54 44 83 0
Route 15 : 0 92 0"
c107.txt,14,2072.2969701068805,"Route 1 : 0 1 21 75 0
Route 2 : 0 2 99 52 47 0
Route 3 : 0 3 4 23 22 69 49 0
Route 4 : 0 5 6 26 68 50 0
Route 5 : 0 7 18 8 29 16 14 12 66 0
Route 6 : 0 13 17 25 19 10 11 9 89 91 0
Route 7 : 0 20 24 31 27 15 93 97 0
Route 8 : 0 32 33 41 35 37 28 59 0
Route 9 : 0 42 43 54 40 74 72 61 64 0
Route 10 : 0 55 57 63 53 56 58 60 0
Route 11 : 0 65 67 76 62 44 46 45 48 51 0
Route 12 : 0 78 81 86 71 70 73 77 79 80 0
Route 13 : 0 87 90 95 83 82 84 85 88 0
Route 14 : 0 96 98 94 92 30 38 39 36 34 0"
c108.txt,13,2663.570958661311,"Route 1 : 0 1 2 21 0
Route 2 : 0 3 4 36 34 22 75 0
Route 3 : 0 5 7 13 18 8 30 28 64 59 69 47 0
Route 4 : 0 57 65 20 94 93 84 79 89 91 49 0
Route 5 : 0 17 87 25 27 37 85 88 99 52 0
Route 6 : 0 96 98 31 40 44 46 45 48 51 50 0
Route 7 : 0 32 33 43 41 10 16 39 23 66 0
Route 8 : 0 55 67 63 54 56 72 61 26 0
Route 9 : 0 76 78 81 71 92 14 12 0
Route 10 : 0 90 95 24 62 74 58 60 68 0
Route 11 : 0 42 86 53 35 38 97 6 0
Route 12 : 0 19 83 15 11 9 0
Route 13 : 0 29 82 70 73 77 80 0"
c109.txt,11,1901.0808973004698,"Route 1 : 0 1 89 2 21 0
Route 2 : 0 3 5 6 11 9 26 51 22 47 0
Route 3 : 0 7 8 10 13 27 29 30 45 48 68 66 69 0
Route 4 : 0 17 18 20 24 35 37 38 39 36 34 49 0
Route 5 : 0 25 31 32 33 40 44 46 28 0
Route 6 : 0 41 42 43 54 53 56 58 85 4 0
Route 7 : 0 55 57 63 65 62 70 73 77 79 80 0
Route 8 : 0 67 76 78 81 71 92 93 97 23 50 0
Route 9 : 0 86 87 90 95 19 15 16 14 12 99 0
Route 10 : 0 96 98 83 94 74 72 60 59 91 52 0
Route 11 : 0 82 84 61 88 64 75 0"
c201.txt,5,1624.9989504274874,"Route 1 : 0 1 30 29 6 32 33 31 35 37 38 39 36 28 26 84 86 83 82 85 76 71 70 73 80 79 81 10 8 21 90 0
Route 2 : 0 2 27 61 64 66 69 68 65 49 7 3 4 56 58 60 59 57 40 44 45 51 17 13 25 9 11 41 48 87 0
Route 3 : 0 5 20 24 74 72 97 92 94 95 98 55 54 53 89 91 88 23 18 19 16 14 12 15 52 47 43 42 78 77 96 0
Route 4 : 0 22 63 62 99 34 46 50 0
Route 5 : 0 67 93 75 0"
c202.txt,6,2974.125250525703,"Route 1 : 0 1 2 3 4 5 89 60 7 19 16 8 77 12 0
Route 2 : 0 20 22 24 6 32 97 92 35 38 39 36 56 28 18 86 44 9 79 81 78 21 26 0
Route 3 : 0 63 67 62 27 29 61 64 33 68 49 55 54 53 58 88 23 57 40 13 25 47 43 11 10 31 34 48 0
Route 4 : 0 93 74 30 99 66 69 65 84 14 15 51 73 80 42 41 37 50 59 0
Route 5 : 0 46 45 71 17 72 75 82 83 85 87 90 0
Route 6 : 0 76 70 94 95 91 96 98 52 0"
c203.txt,8,2550.633667099916,"Route 1 : 0 1 2 3 4 5 7 88 8 12 14 16 0
Route 2 : 0 22 67 62 6 33 35 38 39 36 53 56 58 9 10 41 77 54 0
Route 3 : 0 93 27 30 99 64 66 68 49 55 13 25 80 11 59 60 71 0
Route 4 : 0 74 69 92 65 15 17 42 78 73 81 85 20 0
Route 5 : 0 23 40 44 45 76 70 79 18 19 26 28 31 0
Route 6 : 0 84 32 34 37 21 24 29 43 46 47 48 50 51 52 57 61 0
Route 7 : 0 94 95 97 63 72 75 82 83 86 87 89 0
Route 8 : 0 90 91 96 98 0"
c204.txt,7,2156.570439867325,"Route 1 : 0 1 2 3 4 5 6 7 8 10 12 14 0
Route 2 : 0 67 62 38 55 53 58 9 11 77 54 56 20 0
Route 3 : 0 69 92 13 25 79 70 71 73 80 81 63 0
Route 4 : 0 74 99 15 85 16 17 18 19 26 28 33 34 0
Route 5 : 0 23 44 76 82 83 86 87 88 0
Route 6 : 0 84 89 91 94 95 97 98 35 36 37 39 21 22 24 27 29 0
Route 7 : 0 30 31 32 40 41 42 43 45 46 47 48 49 50 51 52 57 59 60 61 64 65 66 68 72 75 93 78 90 96 0"
c205.txt,4,1012.9446347968773,"Route 1 : 0 1 75 2 29 6 32 33 31 35 37 7 3 4 89 91 88 84 86 83 82 85 76 71 70 73 80 79 81 78 77 87 0
Route 2 : 0 5 20 22 24 74 72 61 64 66 69 68 65 49 55 54 53 56 58 60 59 57 40 44 46 45 51 50 52 25 9 11 10 8 21 0
Route 3 : 0 62 63 67 27 30 99 97 92 94 95 98 38 39 36 34 28 26 23 18 19 16 14 12 15 17 13 47 43 42 41 48 90 0
Route 4 : 0 93 96 0"
c206.txt,5,2601.152142657684,"Route 1 : 0 1 2 3 94 98 7 54 53 8 47 9 10 48 21 0
Route 2 : 0 5 24 63 67 6 20 29 31 32 33 95 49 39 36 34 12 19 16 14 15 17 70 73 79 81 41 77 0
Route 3 : 0 22 27 62 74 93 30 61 64 66 69 68 35 37 38 4 91 18 23 86 40 44 76 71 13 25 11 78 87 90 0
Route 4 : 0 72 75 99 97 92 65 55 56 28 58 60 89 26 57 82 85 45 51 50 52 43 42 96 0
Route 5 : 0 59 84 88 83 46 80 0"
c207.txt,5,2851.654948884604,"Route 1 : 0 1 2 24 72 61 6 32 7 33 55 54 53 56 34 8 9 10 16 11 51 17 43 42 21 48 0
Route 2 : 0 5 63 67 75 62 27 22 97 20 68 65 49 4 89 38 36 58 23 26 18 19 45 12 15 13 25 78 41 0
Route 3 : 0 93 74 99 30 29 64 66 69 95 98 3 31 35 37 88 86 28 57 40 44 14 70 73 79 81 77 87 90 0
Route 4 : 0 92 94 39 91 84 59 60 82 85 76 46 80 47 50 52 96 0
Route 5 : 0 83 71 0"
c208.txt,4,1467.6842179114878,"Route 1 : 0 1 2 3 33 31 35 37 38 39 36 34 28 26 23 18 19 16 14 12 15 17 13 25 9 11 8 21 0
Route 2 : 0 5 6 20 22 24 27 29 32 66 69 68 65 49 55 4 56 58 60 59 57 40 44 45 51 50 52 47 43 42 41 78 0
Route 3 : 0 62 63 67 74 75 93 30 61 64 92 94 95 98 7 53 89 91 88 84 86 83 82 85 76 71 70 73 80 79 81 10 0
Route 4 : 0 72 99 97 54 46 48 77 87 90 96 0"
r101.txt,24,2313.7543652852464,"Route 1 : 0 1 77 0
Route 2 : 0 2 38 37 17 93 0
Route 3 : 0 5 52 40 97 13 89 58 0
Route 4 : 0 11 19 50 60 0
Route 5 : 0 12 76 78 3 68 24 80 0
Route 6 : 0 14 98 16 85 0
Route 7 : 0 23 67 56 74 25 0
Route 8 : 0 27 31 8 46 0
Route 9 : 0 28 30 51 20 32 70 0
Route 10 : 0 33 29 53 26 0
Route 11 : 0 36 47 18 0
Route 12 : 0 39 21 73 22 0
Route 13 : 0 42 61 84 43 91 0
Route 14 : 0 45 64 49 0
Route 15 : 0 59 69 90 66 0
Route 16 : 0 63 62 88 7 54 0
Route 17 : 0 65 71 9 34 35 0
Route 18 : 0 72 15 87 57 0
Route 19 : 0 92 95 75 41 0
Route 20 : 0 82 99 6 0
Route 21 : 0 83 44 86 96 0
Route 22 : 0 79 55 4 0
Route 23 : 0 81 10 48 0
Route 24 : 0 94 0"
r102.txt,20,2222.199068316222,"Route 1 : 0 1 27 16 86 43 13 91 0
Route 2 : 0 14 15 40 54 5 0
Route 3 : 0 36 47 18 7 37 52 0
Route 4 : 0 39 23 67 56 74 75 72 21 0
Route 5 : 0 42 38 82 83 2 0
Route 6 : 0 45 64 49 80 26 0
Route 7 : 0 63 62 11 90 66 50 58 0
Route 8 : 0 92 44 87 89 59 0
Route 9 : 0 28 30 78 20 98 0
Route 10 : 0 33 29 51 10 32 70 31 0
Route 11 : 0 65 71 9 35 34 3 0
Route 12 : 0 61 57 96 94 95 0
Route 13 : 0 69 76 53 0
Route 14 : 0 73 22 0
Route 15 : 0 88 84 97 60 85 93 0
Route 16 : 0 99 6 0
Route 17 : 0 19 8 46 17 48 0
Route 18 : 0 41 0
Route 19 : 0 79 55 4 25 0
Route 20 : 0 81 68 24 77 12 0"
r103.txt,22,2665.806620461312,"Route 1 : 0 1 27 11 49 13 5 0
Route 2 : 0 36 64 35 32 0
Route 3 : 0 39 23 67 56 4 2 57 0
Route 4 : 0 42 15 22 68 34 81 0
Route 5 : 0 45 38 74 43 0
Route 6 : 0 92 62 8 10 46 82 0
Route 7 : 0 33 30 78 55 12 52 0
Route 8 : 0 65 79 14 16 59 0
Route 9 : 0 44 87 17 48 0
Route 10 : 0 69 76 9 66 19 7 0
Route 11 : 0 99 6 47 63 31 0
Route 12 : 0 88 84 71 0
Route 13 : 0 40 53 90 20 51 0
Route 14 : 0 41 70 28 0
Route 15 : 0 61 86 85 91 83 18 24 0
Route 16 : 0 25 54 0
Route 17 : 0 29 37 60 72 75 21 0
Route 18 : 0 93 94 0
Route 19 : 0 98 77 3 0
Route 20 : 0 80 26 0
Route 21 : 0 89 97 58 0
Route 22 : 0 73 50 95 96 0"
r104.txt,18,2441.4410027099916,"Route 1 : 0 1 2 99 84 5 13 21 40 0
Route 2 : 0 92 9 65 33 20 0
Route 3 : 0 11 8 64 19 48 0
Route 4 : 0 15 87 74 43 0
Route 5 : 0 23 67 55 4 25 54 0
Route 6 : 0 38 14 17 45 46 0
Route 7 : 0 44 34 10 0
Route 8 : 0 62 53 66 32 0
Route 9 : 0 69 76 79 86 16 59 0
Route 10 : 0 36 49 63 90 35 24 0
Route 11 : 0 39 56 75 22 41 42 57 7 0
Route 12 : 0 71 29 30 51 78 3 12 0
Route 13 : 0 47 72 82 6 95 0
Route 14 : 0 77 26 0
Route 15 : 0 81 18 31 37 60 61 0
Route 16 : 0 70 91 83 85 88 52 89 0
Route 17 : 0 93 97 98 73 96 58 0
Route 18 : 0 94 27 28 50 68 80 0"
r105.txt,20,2210.4268029493633,"Route 1 : 0 1 89 58 0
Route 2 : 0 2 23 67 55 74 93 0
Route 3 : 0 5 14 15 6 26 0
Route 4 : 0 28 27 12 76 79 20 32 70 0
Route 5 : 0 33 65 71 78 3 54 25 0
Route 6 : 0 39 29 53 50 0
Route 7 : 0 63 31 30 9 34 24 77 0
Route 8 : 0 72 95 98 16 86 43 91 0
Route 9 : 0 36 47 64 49 48 0
Route 10 : 0 42 92 21 73 22 56 4 0
Route 11 : 0 45 83 52 88 68 0
Route 12 : 0 59 75 85 0
Route 13 : 0 69 62 11 90 10 17 0
Route 14 : 0 82 38 96 97 60 0
Route 15 : 0 44 18 84 37 13 0
Route 16 : 0 19 7 8 46 0
Route 17 : 0 61 40 0
Route 18 : 0 99 87 94 0
Route 19 : 0 51 81 66 35 80 0
Route 20 : 0 41 57 0"
r106.txt,18,2312.8450868884743,"Route 1 : 0 1 33 65 71 9 66 48 0
Route 2 : 0 14 42 15 40 55 24 25 0
Route 3 : 0 39 23 67 22 68 31 0
Route 4 : 0 45 36 64 49 32 82 0
Route 5 : 0 92 27 69 88 54 74 72 21 0
Route 6 : 0 63 47 18 84 97 60 85 0
Route 7 : 0 28 11 19 10 20 83 0
Route 8 : 0 62 30 90 35 7 0
Route 9 : 0 29 76 51 98 5 59 0
Route 10 : 0 38 6 34 3 0
Route 11 : 0 44 16 61 86 43 13 2 0
Route 12 : 0 99 8 46 17 37 91 0
Route 13 : 0 73 79 70 77 0
Route 14 : 0 78 81 89 12 0
Route 15 : 0 53 87 56 4 80 0
Route 16 : 0 41 57 75 50 0
Route 17 : 0 52 26 58 94 0
Route 18 : 0 93 96 95 0"
r107.txt,19,2449.373875478437,"Route 1 : 0 1 27 11 8 86 48 0
Route 2 : 0 39 15 22 41 55 25 24 0
Route 3 : 0 42 44 38 84 43 14 95 0
Route 4 : 0 45 36 64 49 17 5 60 0
Route 5 : 0 33 65 9 78 66 7 0
Route 6 : 0 62 30 79 35 82 0
Route 7 : 0 69 76 40 10 19 47 0
Route 8 : 0 92 23 67 56 4 13 37 0
Route 9 : 0 88 99 6 68 29 12 0
Route 10 : 0 87 53 74 16 0
Route 11 : 0 46 61 83 85 91 57 75 0
Route 12 : 0 93 2 0
Route 13 : 0 20 32 34 63 3 0
Route 14 : 0 71 97 98 18 31 70 0
Route 15 : 0 51 81 90 54 72 21 26 0
Route 16 : 0 50 59 58 94 0
Route 17 : 0 73 77 52 0
Route 18 : 0 96 80 28 0
Route 19 : 0 89 0"
r108.txt,18,2602.875107129685,"Route 1 : 0 1 2 15 87 55 4 56 0
Route 2 : 0 92 11 8 34 3 0
Route 3 : 0 23 67 65 0
Route 4 : 0 44 38 84 5 17 7 27 0
Route 5 : 0 62 53 35 32 0
Route 6 : 0 69 76 79 9 25 24 0
Route 7 : 0 99 49 64 19 52 0
Route 8 : 0 74 13 6 58 0
Route 9 : 0 36 41 43 14 16 0
Route 10 : 0 47 63 66 71 10 20 0
Route 11 : 0 30 51 70 90 31 45 46 18 0
Route 12 : 0 29 39 33 50 48 0
Route 13 : 0 86 61 77 81 0
Route 14 : 0 78 82 83 88 22 0
Route 15 : 0 75 72 91 21 37 42 59 0
Route 16 : 0 57 60 73 85 12 26 0
Route 17 : 0 40 54 68 80 93 98 28 89 0
Route 18 : 0 97 94 95 96 0"
r109.txt,19,2245.3666062683087,"Route 1 : 0 1 50 13 89 0
Route 2 : 0 2 3 81 55 4 58 0
Route 3 : 0 5 6 14 97 77 80 0
Route 4 : 0 11 31 62 19 0
Route 5 : 0 15 21 23 22 41 56 74 0
Route 6 : 0 27 28 29 12 76 78 34 68 24 0
Route 7 : 0 42 44 39 0
Route 8 : 0 52 64 63 90 10 20 32 70 0
Route 9 : 0 69 82 38 43 37 91 93 0
Route 10 : 0 33 65 30 51 54 25 0
Route 11 : 0 67 72 73 57 0
Route 12 : 0 92 95 45 36 49 46 17 60 0
Route 13 : 0 98 71 9 66 35 0
Route 14 : 0 47 83 88 7 0
Route 15 : 0 75 16 84 0
Route 16 : 0 18 40 53 0
Route 17 : 0 59 61 87 8 96 48 0
Route 18 : 0 99 79 26 0
Route 19 : 0 85 86 94 0"
r110.txt,20,2507.8671445908926,"Route 1 : 0 1 54 24 0
Route 2 : 0 2 3 34 65 0
Route 3 : 0 5 7 52 18 88 10 62 58 0
Route 4 : 0 12 16 59 44 37 17 0
Route 5 : 0 21 28 51 30 69 32 70 0
Route 6 : 0 29 31 47 8 74 0
Route 7 : 0 61 19 49 11 48 89 0
Route 8 : 0 71 63 90 9 35 0
Route 9 : 0 75 73 72 87 14 43 42 91 0
Route 10 : 0 82 83 95 98 40 6 92 93 13 0
Route 11 : 0 81 76 79 50 33 68 0
Route 12 : 0 85 67 25 39 0
Route 13 : 0 86 94 15 4 0
Route 14 : 0 22 23 38 45 0
Route 15 : 0 57 46 36 60 0
Route 16 : 0 84 99 53 41 55 0
Route 17 : 0 20 64 0
Route 18 : 0 97 26 56 0
Route 19 : 0 96 27 77 80 0
Route 20 : 0 78 66 0"
r111.txt,17,2218.151917391581,"Route 1 : 0 1 2 15 22 41 56 74 37 0
Route 2 : 0 92 9 28 32 31 0
Route 3 : 0 11 62 36 49 7 5 0
Route 4 : 0 23 39 67 73 57 13 59 0
Route 5 : 0 27 33 69 76 29 55 4 24 0
Route 6 : 0 44 38 84 16 85 14 98 0
Route 7 : 0 42 45 53 6 68 12 26 0
Route 8 : 0 65 30 71 51 35 50 0
Route 9 : 0 99 8 18 63 89 0
Route 10 : 0 40 79 78 81 34 3 77 0
Route 11 : 0 64 88 19 10 90 20 70 0
Route 12 : 0 87 61 86 17 91 93 0
Route 13 : 0 66 47 46 0
Route 14 : 0 25 21 58 0
Route 15 : 0 94 43 97 48 52 0
Route 16 : 0 60 82 83 54 72 0
Route 17 : 0 75 95 96 80 0"
r112.txt,18,2496.3063886109117,"Route 1 : 0 1 2 15 42 59 13 0
Route 2 : 0 7 8 9 29 25 0
Route 3 : 0 11 12 16 45 17 0
Route 4 : 0 61 18 19 30 51 33 50 89 0
Route 5 : 0 38 67 22 39 4 0
Route 6 : 0 76 21 40 73 28 53 48 0
Route 7 : 0 31 49 52 27 3 24 0
Route 8 : 0 44 75 85 6 5 37 0
Route 9 : 0 87 95 23 41 14 0
Route 10 : 0 69 82 88 71 79 78 34 77 0
Route 11 : 0 83 84 86 92 94 10 70 0
Route 12 : 0 81 65 62 63 32 0
Route 13 : 0 64 90 35 66 20 0
Route 14 : 0 98 99 36 47 57 43 0
Route 15 : 0 46 72 97 74 0
Route 16 : 0 26 55 56 54 68 0
Route 17 : 0 80 91 96 58 0
Route 18 : 0 60 93 0"
r201.txt,9,2857.584729658252,"Route 1 : 0 1 32 35 24 25 89 58 70 0
Route 2 : 0 2 3 10 46 66 68 74 4 13 17 48 77 80 0
Route 3 : 0 63 65 5 6 99 86 41 34 20 26 37 60 91 93 0
Route 4 : 0 33 42 7 16 38 87 85 84 49 50 97 43 54 55 0
Route 5 : 0 11 47 12 21 61 18 40 79 9 56 96 0
Route 6 : 0 14 36 39 27 28 15 23 75 67 51 81 78 57 0
Route 7 : 0 45 59 92 72 83 95 29 52 64 19 88 90 8 53 0
Route 8 : 0 31 82 62 69 98 44 76 73 22 94 0
Route 9 : 0 30 71 0"
r202.txt,7,3055.811661226682,"Route 1 : 0 1 2 3 4 5 74 13 17 7 12 21 26 0
Route 2 : 0 6 86 41 57 10 20 43 32 35 24 34 48 31 52 0
Route 3 : 0 11 15 16 44 38 18 40 8 84 46 56 66 54 68 60 89 91 25 37 0
Route 4 : 0 14 33 36 27 28 29 64 19 88 51 81 79 9 78 97 55 75 77 80 85 98 50 0
Route 5 : 0 39 42 45 63 47 62 69 23 76 73 87 22 53 49 59 70 82 83 93 96 58 72 94 0
Route 6 : 0 65 92 30 71 61 99 90 95 0
Route 7 : 0 67 0"
r203.txt,7,2917.4268003972193,"Route 1 : 0 1 2 3 4 5 7 12 14 16 18 19 31 0
Route 2 : 0 6 79 9 10 56 55 68 35 74 13 17 71 20 0
Route 3 : 0 11 15 23 67 40 8 22 41 66 24 25 29 34 43 0
Route 4 : 0 33 36 39 27 62 30 76 38 87 53 49 77 21 26 32 63 70 0
Route 5 : 0 42 45 65 69 44 64 88 99 78 37 46 47 54 57 59 61 72 73 75 80 83 85 28 0
Route 6 : 0 92 84 51 81 50 58 60 86 91 52 0
Route 7 : 0 90 48 82 89 93 94 95 96 97 98 0"
r204.txt,6,2563.415261105236,"Route 1 : 0 1 2 3 4 5 6 7 10 12 14 16 17 45 0
Route 2 : 0 8 9 55 74 13 19 20 24 25 29 35 33 0
Route 3 : 0 11 15 23 38 99 53 84 36 49 64 47 63 65 46 48 43 86 91 21 39 0
Route 4 : 0 92 62 69 44 67 76 79 87 66 71 30 32 34 77 78 82 22 0
Route 5 : 0 26 31 37 40 41 42 54 56 57 58 68 70 18 27 0
Route 6 : 0 72 75 61 85 59 73 80 83 88 90 93 95 96 97 98 50 51 81 28 52 60 89 94 0"
r205.txt,7,3033.788821645649,"Route 1 : 0 1 4 26 37 68 13 17 48 70 0
Route 2 : 0 2 3 7 18 41 22 57 34 10 20 54 55 35 24 25 80 77 0
Route 3 : 0 5 11 12 14 27 15 23 75 67 73 51 9 78 49 46 50 43 32 60 91 89 58 0
Route 4 : 0 33 36 39 42 45 47 29 19 88 40 85 86 6 94 56 96 97 66 74 93 0
Route 5 : 0 63 65 59 72 92 28 31 52 62 21 16 38 99 8 53 0
Route 6 : 0 83 95 69 82 98 44 64 30 71 76 61 79 87 84 0
Route 7 : 0 90 81 0"
r206.txt,6,2669.618123136458,"Route 1 : 0 1 2 3 4 5 7 20 66 32 12 13 17 48 31 0
Route 2 : 0 6 16 19 88 51 18 8 84 49 46 10 56 54 55 35 24 25 21 26 0
Route 3 : 0 11 14 15 27 28 23 71 99 40 22 41 57 43 97 68 74 60 34 85 89 91 37 59 0
Route 4 : 0 33 63 65 36 39 29 64 30 73 86 53 50 77 80 72 75 52 70 82 83 58 0
Route 5 : 0 45 47 92 42 62 69 38 44 61 67 76 79 81 90 9 78 93 96 98 94 95 0
Route 6 : 0 87 0"
r207.txt,6,2911.997513384888,"Route 1 : 0 1 2 3 4 5 7 12 55 13 14 16 17 18 19 0
Route 2 : 0 6 44 38 8 9 22 10 56 66 35 74 25 34 24 0
Route 3 : 0 11 15 23 39 62 64 30 76 40 87 41 53 84 49 68 71 20 32 43 63 31 0
Route 4 : 0 33 36 65 27 42 69 67 88 99 78 79 75 86 21 37 46 47 48 57 59 60 26 28 0
Route 5 : 0 45 92 29 51 54 81 50 52 61 70 72 73 77 80 82 83 85 58 0
Route 6 : 0 90 89 91 93 94 95 96 97 98 0"
r208.txt,5,2909.504055338314,"Route 1 : 0 1 2 3 4 5 6 7 10 12 13 14 16 17 19 47 0
Route 2 : 0 8 9 38 53 84 55 65 74 35 24 25 20 30 0
Route 3 : 0 15 23 62 69 11 44 67 79 87 64 66 36 46 49 63 86 21 22 26 27 0
Route 4 : 0 92 76 99 71 29 32 33 34 45 78 81 90 37 39 41 42 43 56 18 31 0
Route 5 : 0 48 57 61 68 72 75 85 91 93 97 98 51 70 59 60 82 83 88 95 96 28 40 50 52 54 58 73 77 80 89 94 0"
r209.txt,7,2713.1508167185784,"Route 1 : 0 1 50 10 37 4 56 13 17 35 0
Route 2 : 0 2 3 67 22 42 6 41 96 54 32 66 24 55 25 74 0
Route 3 : 0 5 7 11 63 71 18 30 51 90 49 8 84 45 46 20 39 68 48 60 70 58 0
Route 4 : 0 28 95 29 31 72 83 98 21 75 12 14 44 86 85 38 57 27 9 36 91 93 80 77 89 0
Route 5 : 0 47 52 82 16 61 59 19 73 81 76 23 15 99 53 33 34 78 26 43 0
Route 6 : 0 87 64 94 40 62 92 97 0
Route 7 : 0 69 88 65 79 0"
r210.txt,5,2753.0369109688227,"Route 1 : 0 1 2 3 64 30 88 4 12 55 74 68 35 34 24 26 77 80 0
Route 2 : 0 92 65 11 15 23 39 76 99 6 87 28 71 63 51 90 7 10 31 66 20 13 43 5 17 48 89 0
Route 3 : 0 27 33 36 42 45 62 44 38 79 8 16 41 86 14 57 85 56 95 97 83 50 72 25 0
Route 4 : 0 69 67 9 29 40 53 19 18 47 21 75 98 46 54 32 37 59 58 0
Route 5 : 0 22 73 84 61 78 81 49 52 82 94 70 96 60 91 93 0"
r211.txt,5,2868.1105562897255,"Route 1 : 0 1 2 15 38 5 22 41 14 4 97 26 43 13 17 48 0
Route 2 : 0 11 12 21 23 29 30 31 44 52 62 64 65 7 19 18 36 8 84 6 3 10 20 37 35 70 0
Route 3 : 0 82 98 16 61 75 95 28 69 71 76 27 33 88 42 67 40 51 9 57 34 50 54 56 55 24 25 58 0
Route 4 : 0 73 83 87 92 45 63 47 81 99 72 79 90 46 66 96 32 68 74 0
Route 5 : 0 39 53 85 86 94 49 59 78 60 91 93 89 77 80 0"
rc101.txt,21,2529.5729233813877,"Route 1 : 0 1 4 70 0
Route 2 : 0 2 5 7 8 6 46 60 80 0
Route 3 : 0 11 15 12 78 10 13 17 0
Route 4 : 0 14 47 75 74 91 0
Route 5 : 0 21 23 19 18 49 20 48 25 0
Route 6 : 0 27 28 29 26 34 32 93 0
Route 7 : 0 33 76 51 0
Route 8 : 0 36 39 38 44 40 37 43 35 0
Route 9 : 0 42 67 81 56 0
Route 10 : 0 45 61 3 55 0
Route 11 : 0 62 64 85 24 77 0
Route 12 : 0 63 71 41 96 54 0
Route 13 : 0 65 69 82 16 9 97 58 0
Route 14 : 0 72 31 30 50 89 0
Route 15 : 0 83 98 73 0
Route 16 : 0 92 95 88 79 68 0
Route 17 : 0 59 52 86 22 66 0
Route 18 : 0 99 84 0
Route 19 : 0 90 53 0
Route 20 : 0 87 57 0
Route 21 : 0 94 0"
rc102.txt,16,2416.5325746180633,"Route 1 : 0 1 45 61 41 35 37 72 93 0
Route 2 : 0 11 15 16 9 97 75 58 0
Route 3 : 0 14 47 8 6 46 4 3 5 7 0
Route 4 : 0 23 19 18 22 49 20 48 21 0
Route 5 : 0 27 28 29 26 32 31 34 50 94 0
Route 6 : 0 33 67 66 60 70 0
Route 7 : 0 36 39 38 44 40 43 54 98 0
Route 8 : 0 42 73 78 10 13 59 0
Route 9 : 0 62 64 90 68 52 82 0
Route 10 : 0 63 71 81 17 12 0
Route 11 : 0 65 69 79 74 24 83 0
Route 12 : 0 92 88 99 57 89 0
Route 13 : 0 76 51 84 55 2 0
Route 14 : 0 30 77 25 0
Route 15 : 0 53 96 80 91 0
Route 16 : 0 87 86 56 85 95 0"
rc103.txt,18,2682.696230000847,"Route 1 : 0 1 45 8 79 4 73 0
Route 2 : 0 11 15 9 87 18 21 0
Route 3 : 0 23 76 26 28 29 0
Route 4 : 0 27 30 84 31 34 0
Route 5 : 0 33 67 32 89 51 0
Route 6 : 0 36 39 38 40 41 35 37 43 54 0
Route 7 : 0 42 99 66 74 82 90 0
Route 8 : 0 62 64 22 49 56 20 0
Route 9 : 0 65 69 88 53 78 10 13 17 47 0
Route 10 : 0 92 44 6 55 16 0
Route 11 : 0 75 77 58 52 0
Route 12 : 0 97 68 3 0
Route 13 : 0 59 25 48 19 0
Route 14 : 0 5 7 12 14 2 46 70 0
Route 15 : 0 60 24 63 72 71 0
Route 16 : 0 85 50 95 93 91 80 0
Route 17 : 0 83 98 57 86 94 96 61 0
Route 18 : 0 81 0"
rc104.txt,19,3016.8306331966187,"Route 1 : 0 1 8 79 4 3 5 2 0
Route 2 : 0 11 15 9 87 13 10 12 14 0
Route 3 : 0 23 76 84 28 0
Route 4 : 0 62 67 27 35 0
Route 5 : 0 69 38 26 0
Route 6 : 0 92 44 74 18 0
Route 7 : 0 99 53 55 39 0
Route 8 : 0 75 36 37 0
Route 9 : 0 29 30 31 32 33 34 41 0
Route 10 : 0 89 19 21 25 48 49 0
Route 11 : 0 40 42 43 58 52 0
Route 12 : 0 59 73 97 20 0
Route 13 : 0 6 7 45 46 50 51 0
Route 14 : 0 22 24 77 64 66 0
Route 15 : 0 16 17 70 47 60 88 0
Route 16 : 0 54 61 63 71 72 56 0
Route 17 : 0 78 85 57 82 65 90 0
Route 18 : 0 86 93 94 95 96 68 81 80 0
Route 19 : 0 83 91 98 0"
rc105.txt,18,2374.8370368350406,"Route 1 : 0 1 8 6 2 5 3 70 0
Route 2 : 0 9 82 17 60 0
Route 3 : 0 11 79 12 13 80 0
Route 4 : 0 15 14 16 10 59 58 0
Route 5 : 0 18 19 22 49 21 20 48 0
Route 6 : 0 23 84 95 85 93 0
Route 7 : 0 27 33 28 26 31 32 34 50 0
Route 8 : 0 36 39 38 40 41 35 43 37 0
Route 9 : 0 45 99 90 56 96 91 0
Route 10 : 0 62 67 71 72 54 94 0
Route 11 : 0 64 76 63 51 89 0
Route 12 : 0 65 69 88 81 55 68 0
Route 13 : 0 92 42 44 61 46 4 0
Route 14 : 0 29 30 83 66 0
Route 15 : 0 87 86 52 74 0
Route 16 : 0 47 53 57 25 24 0
Route 17 : 0 73 78 98 7 0
Route 18 : 0 97 75 77 0"
rc106.txt,18,2480.4970637703145,"Route 1 : 0 1 46 4 60 0
Route 2 : 0 2 5 45 61 41 35 93 0
Route 3 : 0 21 59 22 77 0
Route 4 : 0 27 29 31 28 30 26 34 32 80 0
Route 5 : 0 62 23 19 18 49 20 48 24 0
Route 6 : 0 65 11 14 15 47 16 9 97 13 0
Route 7 : 0 42 36 39 38 44 40 37 43 70 0
Route 8 : 0 52 12 73 78 58 0
Route 9 : 0 92 72 33 50 89 0
Route 10 : 0 63 95 64 51 54 0
Route 11 : 0 69 82 75 87 10 17 0
Route 12 : 0 83 98 67 94 56 66 0
Route 13 : 0 76 53 74 91 0
Route 14 : 0 71 7 6 3 55 0
Route 15 : 0 88 79 8 96 0
Route 16 : 0 81 85 84 25 0
Route 17 : 0 90 99 57 68 0
Route 18 : 0 86 0"
rc107.txt,19,2823.4406908050123,"Route 1 : 0 1 3 6 45 4 0
Route 2 : 0 2 5 16 97 77 0
Route 3 : 0 21 19 18 51 76 89 66 0
Route 4 : 0 29 28 31 85 30 32 0
Route 5 : 0 83 95 7 8 46 60 70 0
Route 6 : 0 82 98 47 12 14 99 17 0
Route 7 : 0 61 73 9 58 0
Route 8 : 0 52 75 59 57 20 48 0
Route 9 : 0 63 40 44 38 37 35 0
Route 10 : 0 71 69 65 22 74 0
Route 11 : 0 72 81 26 27 93 0
Route 12 : 0 34 67 50 55 0
Route 13 : 0 88 90 94 64 84 68 0
Route 14 : 0 86 87 49 23 25 24 0
Route 15 : 0 41 62 42 36 0
Route 16 : 0 43 54 96 56 80 0
Route 17 : 0 92 11 15 53 78 10 13 0
Route 18 : 0 79 33 91 0
Route 19 : 0 39 0"
rc108.txt,18,2687.3565433225203,"Route 1 : 0 1 3 7 6 2 5 46 4 0
Route 2 : 0 18 30 26 27 0
Route 3 : 0 87 12 78 45 0
Route 4 : 0 38 40 61 41 44 35 36 39 0
Route 5 : 0 73 85 34 32 0
Route 6 : 0 76 16 11 10 13 14 0
Route 7 : 0 19 21 22 23 49 52 83 55 0
Route 8 : 0 53 67 94 50 93 0
Route 9 : 0 69 71 81 82 65 57 56 91 0
Route 10 : 0 88 8 64 95 54 80 0
Route 11 : 0 79 86 9 17 47 0
Route 12 : 0 90 98 99 15 58 0
Route 13 : 0 28 29 31 33 51 89 0
Route 14 : 0 75 97 77 20 24 0
Route 15 : 0 84 42 37 43 68 0
Route 16 : 0 62 25 48 63 72 0
Route 17 : 0 92 96 59 74 0
Route 18 : 0 70 60 66 0"
rc201.txt,7,3257.0057906800166,"Route 1 : 0 1 55 68 35 91 70 80 0
Route 2 : 0 2 5 15 11 12 52 75 73 41 94 49 26 56 32 24 89 77 25 0
Route 3 : 0 14 33 63 27 28 29 31 62 30 38 40 79 6 3 34 20 66 4 17 58 93 0
Route 4 : 0 36 39 42 45 47 83 69 23 21 19 18 51 99 81 84 46 10 97 13 74 60 48 0
Route 5 : 0 59 65 72 95 82 98 44 16 7 87 9 37 43 96 54 0
Route 6 : 0 92 64 88 61 71 67 76 85 86 22 57 50 0
Route 7 : 0 90 8 53 78 0"
rc202.txt,7,3367.4806069179845,"Route 1 : 0 1 2 3 14 47 4 43 13 17 5 7 12 0
Route 2 : 0 63 65 92 33 6 40 41 49 10 20 32 35 75 58 0
Route 3 : 0 36 42 45 39 11 15 16 18 19 76 51 9 53 46 97 54 55 74 24 89 21 25 48 0
Route 4 : 0 27 28 29 62 23 30 67 79 8 56 66 68 60 37 26 31 34 50 80 91 0
Route 5 : 0 69 44 64 38 61 99 22 57 77 70 52 82 98 0
Route 6 : 0 71 73 88 81 86 78 59 72 83 85 93 94 95 96 0
Route 7 : 0 90 87 84 0"
rc203.txt,8,3420.7598434394013,"Route 1 : 0 1 2 3 4 5 7 12 74 14 16 18 19 20 0
Route 2 : 0 65 92 6 40 41 10 56 66 35 68 13 26 28 29 0
Route 3 : 0 11 15 23 30 76 8 49 55 17 89 37 43 61 0
Route 4 : 0 27 33 44 38 88 67 9 84 46 47 58 59 60 57 52 0
Route 5 : 0 36 39 42 45 62 69 64 99 22 79 53 63 75 77 85 97 86 0
Route 6 : 0 87 78 21 25 48 51 24 50 0
Route 7 : 0 31 32 34 73 95 98 54 70 71 72 80 81 0
Route 8 : 0 82 83 93 90 91 94 96 0"
rc204.txt,6,2766.8326366050783,"Route 1 : 0 1 2 3 4 5 6 7 10 12 14 16 17 45 36 0
Route 2 : 0 92 8 9 79 55 74 13 26 27 28 29 30 31 32 33 0
Route 3 : 0 11 15 23 38 99 53 84 58 59 75 21 25 19 0
Route 4 : 0 44 62 67 76 87 35 77 97 48 18 50 0
Route 5 : 0 69 34 37 39 40 41 42 43 46 47 60 70 71 72 73 78 51 52 54 56 20 0
Route 6 : 0 89 22 24 49 57 61 63 64 65 66 68 80 81 82 83 85 86 88 90 91 93 94 95 96 98 0"
rc205.txt,8,2877.077604037025,"Route 1 : 0 1 8 2 6 5 7 3 4 13 17 24 25 77 58 91 0
Route 2 : 0 9 16 53 78 12 57 10 20 56 66 74 32 26 89 48 0
Route 3 : 0 11 15 14 38 61 40 41 84 31 46 55 94 34 50 37 60 70 80 0
Route 4 : 0 27 33 62 23 63 28 29 30 19 18 22 52 21 85 97 35 96 93 0
Route 5 : 0 36 39 42 45 44 47 88 99 73 72 43 54 68 0
Route 6 : 0 92 65 69 64 67 76 71 81 82 98 90 0
Route 7 : 0 79 87 83 86 49 0
Route 8 : 0 51 95 59 75 0"
rc206.txt,6,3027.034242942237,"Route 1 : 0 1 3 10 97 4 17 60 70 80 0
Route 2 : 0 2 5 6 11 12 16 73 7 78 8 26 20 32 35 91 93 0
Route 3 : 0 14 15 21 23 27 33 28 31 29 19 67 18 22 84 49 46 37 43 54 24 48 25 77 0
Route 4 : 0 42 36 39 45 47 59 52 69 82 62 44 38 99 86 87 9 57 34 50 96 56 13 74 58 0
Route 5 : 0 65 72 92 63 83 95 98 75 64 30 40 41 94 66 55 68 89 0
Route 6 : 0 71 88 61 76 51 85 90 81 79 53 0"
rc207.txt,7,2984.1754563338804,"Route 1 : 0 1 6 46 45 36 43 4 13 24 58 0
Route 2 : 0 2 3 15 53 42 41 37 96 32 35 17 0
Route 3 : 0 5 7 11 47 12 16 73 14 87 23 49 57 22 97 20 39 56 66 89 80 0
Route 4 : 0 28 31 63 83 95 29 72 21 19 18 30 94 67 62 34 26 27 33 54 55 60 68 70 91 25 0
Route 5 : 0 82 52 71 98 61 75 81 44 38 40 8 9 78 10 77 48 74 93 0
Route 6 : 0 51 59 76 85 86 90 69 99 84 50 92 0
Route 7 : 0 64 79 88 65 0"
rc208.txt,6,3274.6047378372305,"Route 1 : 0 1 2 3 4 5 7 15 87 22 9 57 59 10 97 56 66 13 0
Route 2 : 0 21 30 64 75 23 29 31 76 11 19 18 27 84 34 26 50 20 32 89 0
Route 3 : 0 71 52 82 98 12 28 44 62 65 69 38 36 40 72 39 41 46 37 43 96 35 70 0
Route 4 : 0 95 16 61 42 67 73 88 81 83 33 63 45 8 6 78 14 54 17 25 48 24 0
Route 5 : 0 79 85 92 47 51 53 86 90 94 55 60 68 58 74 77 80 91 0
Route 6 : 0 99 49 93 0"
